id;tanggal_surat;tanggal_diterima;no_surat;no_agenda;perihal;dari;disposisi;image_url;file_url
1;2021-08-01;2020-11-06;SM/471/2024;AG/541;Perihal Surat Masuk 1;Dinas Kesehatan;Penting;surat_masuk/images/surat_masuk_1.jpg;surat_masuk/files/surat_masuk_1.pdf
2;2023-08-31;2024-04-04;SM/227/2024;AG/505;Perihal Surat Masuk 2;Dinas Kesehatan;Segera;surat_masuk/images/surat_masuk_2.jpg;surat_masuk/files/surat_masuk_2.pdf
3;2024-02-17;2024-05-06;SM/243/2024;AG/962;Perihal Surat Masuk 3;CV. XYZ;Penting;surat_masuk/images/surat_masuk_3.jpg;surat_masuk/files/surat_masuk_3.pdf
4;2022-10-14;2023-05-01;SM/933/2024;AG/305;Perihal Surat Masuk 4;Universitas DEF;Segera;surat_masuk/images/surat_masuk_4.jpg;surat_masuk/files/surat_masuk_4.pdf
5;2023-10-02;2023-05-30;SM/232/2024;AG/775;Perihal Surat Masuk 5;Dinas Kesehatan;Segera;surat_masuk/images/surat_masuk_5.jpg;surat_masuk/files/surat_masuk_5.pdf
6;2020-10-21;2021-06-29;SM/607/2024;AG/385;Perihal Surat Masuk 6;PT. ABC;Segera;surat_masuk/images/surat_masuk_6.jpg;surat_masuk/files/surat_masuk_6.pdf
7;2021-03-25;2023-07-20;SM/922/2024;AG/133;Perihal Surat Masuk 7;Universitas DEF;Segera;surat_masuk/images/surat_masuk_7.jpg;surat_masuk/files/surat_masuk_7.pdf
8;2023-04-15;2020-04-10;SM/380/2024;AG/295;Perihal Surat Masuk 8;PT. ABC;Penting;surat_masuk/images/surat_masuk_8.jpg;surat_masuk/files/surat_masuk_8.pdf
9;2020-05-15;2023-06-05;SM/322/2024;AG/400;Perihal Surat Masuk 9;PT. ABC;Biasa;surat_masuk/images/surat_masuk_9.jpg;surat_masuk/files/surat_masuk_9.pdf
10;2023-06-19;2022-02-01;SM/288/2024;AG/135;Perihal Surat Masuk 10;CV. XYZ;Segera;surat_masuk/images/surat_masuk_10.jpg;surat_masuk/files/surat_masuk_10.pdf
11;2021-05-30;2021-02-12;SM/356/2024;AG/292;Perihal Surat Masuk 11;CV. XYZ;Biasa;surat_masuk/images/surat_masuk_11.jpg;surat_masuk/files/surat_masuk_11.pdf
12;2021-07-24;2020-07-27;SM/503/2024;AG/639;Perihal Surat Masuk 12;Dinas Kesehatan;Biasa;surat_masuk/images/surat_masuk_12.jpg;surat_masuk/files/surat_masuk_12.pdf
13;2023-08-20;2020-01-10;SM/870/2024;AG/637;Perihal Surat Masuk 13;Universitas DEF;Biasa;surat_masuk/images/surat_masuk_13.jpg;surat_masuk/files/surat_masuk_13.pdf
14;2023-08-05;2022-04-11;SM/878/2024;AG/410;Perihal Surat Masuk 14;Universitas DEF;Segera;surat_masuk/images/surat_masuk_14.jpg;surat_masuk/files/surat_masuk_14.pdf
15;2024-02-24;2024-02-07;SM/367/2024;AG/133;Perihal Surat Masuk 15;Universitas DEF;Segera;surat_masuk/images/surat_masuk_15.jpg;surat_masuk/files/surat_masuk_15.pdf
16;2021-10-21;2021-04-03;SM/567/2024;AG/498;Perihal Surat Masuk 16;Universitas DEF;Biasa;surat_masuk/images/surat_masuk_16.jpg;surat_masuk/files/surat_masuk_16.pdf
17;2022-10-20;2020-04-13;SM/958/2024;AG/533;Perihal Surat Masuk 17;Universitas DEF;Segera;surat_masuk/images/surat_masuk_17.jpg;surat_masuk/files/surat_masuk_17.pdf
18;2024-05-24;2022-12-29;SM/659/2024;AG/421;Perihal Surat Masuk 18;PT. ABC;Segera;surat_masuk/images/surat_masuk_18.jpg;surat_masuk/files/surat_masuk_18.pdf
19;2022-05-08;2020-03-06;SM/149/2024;AG/474;Perihal Surat Masuk 19;Dinas Kesehatan;Segera;surat_masuk/images/surat_masuk_19.jpg;surat_masuk/files/surat_masuk_19.pdf
20;2020-08-05;2020-06-25;SM/392/2024;AG/536;Perihal Surat Masuk 20;CV. XYZ;Biasa;surat_masuk/images/surat_masuk_20.jpg;surat_masuk/files/surat_masuk_20.pdf
21;2022-10-11;2022-06-27;SM/565/2024;AG/147;Perihal Surat Masuk 21;CV. XYZ;Penting;surat_masuk/images/surat_masuk_21.jpg;surat_masuk/files/surat_masuk_21.pdf
22;2022-02-09;2021-10-23;SM/586/2024;AG/316;Perihal Surat Masuk 22;PT. ABC;Segera;surat_masuk/images/surat_masuk_22.jpg;surat_masuk/files/surat_masuk_22.pdf
23;2021-12-02;2020-02-09;SM/948/2024;AG/487;Perihal Surat Masuk 23;Universitas DEF;Biasa;surat_masuk/images/surat_masuk_23.jpg;surat_masuk/files/surat_masuk_23.pdf
24;2022-06-02;2022-04-24;SM/677/2024;AG/490;Perihal Surat Masuk 24;Dinas Kesehatan;Biasa;surat_masuk/images/surat_masuk_24.jpg;surat_masuk/files/surat_masuk_24.pdf
25;2022-03-25;2022-01-19;SM/346/2024;AG/737;Perihal Surat Masuk 25;CV. XYZ;Penting;surat_masuk/images/surat_masuk_25.jpg;surat_masuk/files/surat_masuk_25.pdf
26;2020-01-23;2022-01-08;SM/719/2024;AG/117;Perihal Surat Masuk 26;Universitas DEF;Segera;surat_masuk/images/surat_masuk_26.jpg;surat_masuk/files/surat_masuk_26.pdf
27;2020-11-25;2020-12-12;SM/486/2024;AG/323;Perihal Surat Masuk 27;PT. ABC;Segera;surat_masuk/images/surat_masuk_27.jpg;surat_masuk/files/surat_masuk_27.pdf
28;2024-02-24;2021-12-23;SM/708/2024;AG/661;Perihal Surat Masuk 28;PT. ABC;Segera;surat_masuk/images/surat_masuk_28.jpg;surat_masuk/files/surat_masuk_28.pdf
29;2022-01-28;2021-01-26;SM/114/2024;AG/822;Perihal Surat Masuk 29;Dinas Kesehatan;Penting;surat_masuk/images/surat_masuk_29.jpg;surat_masuk/files/surat_masuk_29.pdf
30;2022-09-18;2024-01-05;SM/725/2024;AG/261;Perihal Surat Masuk 30;CV. XYZ;Segera;surat_masuk/images/surat_masuk_30.jpg;surat_masuk/files/surat_masuk_30.pdf
